,episode,reward,agent_loss
0,1.0,0.0,-11.71878719329834
1,2.0,-1.0,-0.43827685713768005
