episode,reward,agent_loss,time
1.0,-34.0,-123.2409439086914,1634749861.7926128
2.0,297.0,0.0,1634749885.3962212
3.0,297.0,0.0,1634749908.6447465
4.0,297.0,0.0,1634749931.7369034
5.0,297.0,0.0,1634749954.3652349
